<?xml version="1.0" encoding="UTF-8"?>
<project version="4">
  <component name="ChangeListManager">
    <list default="true" id="f8b7ee0d-2e1c-4aef-a66d-0ce28400c15a" name="Default" comment="" />
    <option name="EXCLUDED_CONVERTED_TO_IGNORED" value="true" />
    <option name="TRACKING_ENABLED" value="true" />
    <option name="SHOW_DIALOG" value="false" />
    <option name="HIGHLIGHT_CONFLICTS" value="true" />
    <option name="HIGHLIGHT_NON_ACTIVE_CHANGELIST" value="false" />
    <option name="LAST_RESOLUTION" value="IGNORE" />
  </component>
  <component name="CoverageDataManager">
    <SUITE FILE_PATH="coverage/tonto@_to_s__kodachi.coverage" NAME=" to_s: kodachi Coverage Results" MODIFIED="1487120427892" SOURCE_PROVIDER="com.intellij.coverage.DefaultCoverageFileProvider" RUNNER="rcov" COVERAGE_BY_TEST_ENABLED="true" COVERAGE_TRACING_ENABLED="false" WORKING_DIRECTORY="$PROJECT_DIR$" MODULE_NAME="kodachi" />
    <SUITE FILE_PATH="coverage/kodachi@State_TestingMOBILE_welbe_____kodachi.coverage" NAME="State_TestingMOBILE_welbe - : kodachi Coverage Results" MODIFIED="1485473755496" SOURCE_PROVIDER="com.intellij.coverage.DefaultCoverageFileProvider" RUNNER="rcov" COVERAGE_BY_TEST_ENABLED="true" COVERAGE_TRACING_ENABLED="false" WORKING_DIRECTORY="$PROJECT_DIR$" MODULE_NAME="kodachi" />
    <SUITE FILE_PATH="coverage/kodachi@Run_spec__log_in_spec___kodachi.coverage" NAME="Run spec 'log_in_spec': kodachi Coverage Results" MODIFIED="1487006483341" SOURCE_PROVIDER="com.intellij.coverage.DefaultCoverageFileProvider" RUNNER="rcov" COVERAGE_BY_TEST_ENABLED="true" COVERAGE_TRACING_ENABLED="false" WORKING_DIRECTORY="$PROJECT_DIR$" MODULE_NAME="kodachi" />
  </component>
  <component name="CreatePatchCommitExecutor">
    <option name="PATCH_PATH" value="" />
  </component>
  <component name="ExecutionTargetManager" SELECTED_TARGET="default_target" />
  <component name="FavoritesManager">
    <favorites_list name="kodachi" />
  </component>
  <component name="FileEditorManager">
    <leaf SIDE_TABS_SIZE_LIMIT_KEY="300">
      <file leaf-file-name="Rakefile" pinned="false" current-in-tab="false">
        <entry file="file://$PROJECT_DIR$/Rakefile">
          <provider selected="true" editor-type-id="text-editor">
            <state relative-caret-position="210">
              <caret line="14" column="15" lean-forward="true" selection-start-line="14" selection-start-column="15" selection-end-line="14" selection-end-column="15" />
              <folding />
            </state>
          </provider>
        </entry>
      </file>
      <file leaf-file-name=".gitignore" pinned="false" current-in-tab="false">
        <entry file="file://$PROJECT_DIR$/.gitignore">
          <provider selected="true" editor-type-id="text-editor">
            <state relative-caret-position="0">
              <caret line="0" column="0" lean-forward="false" selection-start-line="0" selection-start-column="0" selection-end-line="0" selection-end-column="0" />
              <folding />
            </state>
          </provider>
        </entry>
      </file>
      <file leaf-file-name="spec_helper.rb" pinned="false" current-in-tab="false">
        <entry file="file://$PROJECT_DIR$/spec/spec_helper.rb">
          <provider selected="true" editor-type-id="text-editor">
            <state relative-caret-position="615">
              <caret line="41" column="29" lean-forward="false" selection-start-line="41" selection-start-column="29" selection-end-line="41" selection-end-column="29" />
              <folding />
            </state>
          </provider>
        </entry>
      </file>
      <file leaf-file-name="utilities.rb" pinned="false" current-in-tab="false">
        <entry file="file://$PROJECT_DIR$/spec/support/utilities.rb">
          <provider selected="true" editor-type-id="text-editor">
            <state relative-caret-position="1365">
              <caret line="91" column="7" lean-forward="false" selection-start-line="91" selection-start-column="7" selection-end-line="91" selection-end-column="7" />
              <folding />
            </state>
          </provider>
        </entry>
      </file>
      <file leaf-file-name="config.yml" pinned="false" current-in-tab="false">
        <entry file="file://$PROJECT_DIR$/spec/support/config.yml">
          <provider selected="true" editor-type-id="text-editor">
            <state relative-caret-position="300">
              <caret line="20" column="14" lean-forward="false" selection-start-line="20" selection-start-column="14" selection-end-line="20" selection-end-column="14" />
              <folding />
            </state>
          </provider>
        </entry>
      </file>
      <file leaf-file-name="application.rb" pinned="false" current-in-tab="false">
        <entry file="file://$PROJECT_DIR$/spec/support/application.rb">
          <provider selected="true" editor-type-id="text-editor">
            <state relative-caret-position="120">
              <caret line="8" column="0" lean-forward="true" selection-start-line="8" selection-start-column="0" selection-end-line="8" selection-end-column="0" />
              <folding />
            </state>
          </provider>
        </entry>
      </file>
      <file leaf-file-name="log_in.rb" pinned="false" current-in-tab="false">
        <entry file="file://$PROJECT_DIR$/spec/support/apps/modules/log_in.rb">
          <provider selected="true" editor-type-id="text-editor">
            <state relative-caret-position="0">
              <caret line="0" column="0" lean-forward="false" selection-start-line="0" selection-start-column="0" selection-end-line="0" selection-end-column="0" />
              <folding />
            </state>
          </provider>
        </entry>
      </file>
      <file leaf-file-name="log_in_spec.rb" pinned="false" current-in-tab="true">
        <entry file="file://$PROJECT_DIR$/spec/features/pa/web_test/log_in_spec.rb">
          <provider selected="true" editor-type-id="text-editor">
            <state relative-caret-position="210">
              <caret line="14" column="0" lean-forward="true" selection-start-line="14" selection-start-column="0" selection-end-line="14" selection-end-column="0" />
              <folding />
            </state>
          </provider>
        </entry>
      </file>
      <file leaf-file-name="log_in.rb" pinned="false" current-in-tab="false">
        <entry file="file://$PROJECT_DIR$/spec/support/apps/pa/log_in.rb">
          <provider selected="true" editor-type-id="text-editor">
            <state relative-caret-position="0">
              <caret line="0" column="8" lean-forward="false" selection-start-line="0" selection-start-column="8" selection-end-line="0" selection-end-column="8" />
              <folding />
            </state>
          </provider>
        </entry>
      </file>
      <file leaf-file-name="README.md" pinned="false" current-in-tab="false">
        <entry file="file://$PROJECT_DIR$/README.md">
          <provider selected="true" editor-type-id="split-provider[text-editor;markdown-preview-editor]">
            <state split_layout="SPLIT">
              <first_editor relative-caret-position="750">
                <caret line="50" column="33" lean-forward="true" selection-start-line="50" selection-start-column="33" selection-end-line="50" selection-end-column="33" />
                <folding />
              </first_editor>
              <second_editor />
            </state>
          </provider>
        </entry>
      </file>
    </leaf>
  </component>
  <component name="FindInProjectRecents">
    <findStrings>
      <find>sauce</find>
    </findStrings>
    <dirStrings>
      <dir>$PROJECT_DIR$</dir>
    </dirStrings>
  </component>
  <component name="IdeDocumentHistory">
    <option name="CHANGED_PATHS">
      <list>
        <option value="$PROJECT_DIR$/spec/support/apps/ios_testing.rb" />
        <option value="$PROJECT_DIR$/spec/features/align/android_test/test1_spec.rb" />
        <option value="$PROJECT_DIR$/Gemfile" />
        <option value="$PROJECT_DIR$/spec/spec_helper.rb" />
        <option value="$PROJECT_DIR$/Rakefile" />
        <option value="$PROJECT_DIR$/spec/support/utilities.rb" />
        <option value="$PROJECT_DIR$/spec/support/config.yml" />
        <option value="$PROJECT_DIR$/README.md" />
        <option value="$PROJECT_DIR$/spec/support/apps/pa/log_in.rb" />
        <option value="$PROJECT_DIR$/spec/support/application.rb" />
        <option value="$PROJECT_DIR$/spec/features/pa/web_test/log_in_spec.rb" />
      </list>
    </option>
  </component>
  <component name="JsBuildToolGruntFileManager" detection-done="true" sorting="DEFINITION_ORDER" />
  <component name="JsBuildToolPackageJson" detection-done="true" sorting="DEFINITION_ORDER" />
  <component name="JsGulpfileManager">
    <detection-done>true</detection-done>
    <sorting>DEFINITION_ORDER</sorting>
  </component>
  <component name="ProjectFrameBounds">
    <option name="y" value="22" />
    <option name="width" value="2560" />
    <option name="height" value="1414" />
  </component>
  <component name="ProjectView">
    <navigator currentView="ProjectPane" proportions="" version="1">
      <flattenPackages />
      <showMembers />
      <showModules />
      <showLibraryContents />
      <hideEmptyPackages />
      <abbreviatePackageNames />
      <autoscrollToSource />
      <autoscrollFromSource />
      <sortByType />
      <manualOrder />
      <foldersAlwaysOnTop value="true" />
    </navigator>
    <panes>
      <pane id="ProjectPane">
        <subPane>
          <PATH>
            <PATH_ELEMENT>
              <option name="myItemId" value="tonto" />
              <option name="myItemType" value="com.intellij.ide.projectView.impl.nodes.ProjectViewProjectNode" />
            </PATH_ELEMENT>
            <PATH_ELEMENT>
              <option name="myItemId" value="tonto" />
              <option name="myItemType" value="com.intellij.ide.projectView.impl.nodes.PsiDirectoryNode" />
            </PATH_ELEMENT>
          </PATH>
          <PATH>
            <PATH_ELEMENT>
              <option name="myItemId" value="tonto" />
              <option name="myItemType" value="com.intellij.ide.projectView.impl.nodes.ProjectViewProjectNode" />
            </PATH_ELEMENT>
            <PATH_ELEMENT>
              <option name="myItemId" value="tonto" />
              <option name="myItemType" value="com.intellij.ide.projectView.impl.nodes.PsiDirectoryNode" />
            </PATH_ELEMENT>
            <PATH_ELEMENT>
              <option name="myItemId" value="spec" />
              <option name="myItemType" value="com.intellij.ide.projectView.impl.nodes.PsiDirectoryNode" />
            </PATH_ELEMENT>
          </PATH>
          <PATH>
            <PATH_ELEMENT>
              <option name="myItemId" value="tonto" />
              <option name="myItemType" value="com.intellij.ide.projectView.impl.nodes.ProjectViewProjectNode" />
            </PATH_ELEMENT>
            <PATH_ELEMENT>
              <option name="myItemId" value="tonto" />
              <option name="myItemType" value="com.intellij.ide.projectView.impl.nodes.PsiDirectoryNode" />
            </PATH_ELEMENT>
            <PATH_ELEMENT>
              <option name="myItemId" value="spec" />
              <option name="myItemType" value="com.intellij.ide.projectView.impl.nodes.PsiDirectoryNode" />
            </PATH_ELEMENT>
            <PATH_ELEMENT>
              <option name="myItemId" value="support" />
              <option name="myItemType" value="com.intellij.ide.projectView.impl.nodes.PsiDirectoryNode" />
            </PATH_ELEMENT>
          </PATH>
          <PATH>
            <PATH_ELEMENT>
              <option name="myItemId" value="tonto" />
              <option name="myItemType" value="com.intellij.ide.projectView.impl.nodes.ProjectViewProjectNode" />
            </PATH_ELEMENT>
            <PATH_ELEMENT>
              <option name="myItemId" value="tonto" />
              <option name="myItemType" value="com.intellij.ide.projectView.impl.nodes.PsiDirectoryNode" />
            </PATH_ELEMENT>
            <PATH_ELEMENT>
              <option name="myItemId" value="spec" />
              <option name="myItemType" value="com.intellij.ide.projectView.impl.nodes.PsiDirectoryNode" />
            </PATH_ELEMENT>
            <PATH_ELEMENT>
              <option name="myItemId" value="support" />
              <option name="myItemType" value="com.intellij.ide.projectView.impl.nodes.PsiDirectoryNode" />
            </PATH_ELEMENT>
            <PATH_ELEMENT>
              <option name="myItemId" value="apps" />
              <option name="myItemType" value="com.intellij.ide.projectView.impl.nodes.PsiDirectoryNode" />
            </PATH_ELEMENT>
            <PATH_ELEMENT>
              <option name="myItemId" value="pa" />
              <option name="myItemType" value="com.intellij.ide.projectView.impl.nodes.PsiDirectoryNode" />
            </PATH_ELEMENT>
          </PATH>
          <PATH>
            <PATH_ELEMENT>
              <option name="myItemId" value="tonto" />
              <option name="myItemType" value="com.intellij.ide.projectView.impl.nodes.ProjectViewProjectNode" />
            </PATH_ELEMENT>
            <PATH_ELEMENT>
              <option name="myItemId" value="tonto" />
              <option name="myItemType" value="com.intellij.ide.projectView.impl.nodes.PsiDirectoryNode" />
            </PATH_ELEMENT>
            <PATH_ELEMENT>
              <option name="myItemId" value="spec" />
              <option name="myItemType" value="com.intellij.ide.projectView.impl.nodes.PsiDirectoryNode" />
            </PATH_ELEMENT>
            <PATH_ELEMENT>
              <option name="myItemId" value="support" />
              <option name="myItemType" value="com.intellij.ide.projectView.impl.nodes.PsiDirectoryNode" />
            </PATH_ELEMENT>
            <PATH_ELEMENT>
              <option name="myItemId" value="apps" />
              <option name="myItemType" value="com.intellij.ide.projectView.impl.nodes.PsiDirectoryNode" />
            </PATH_ELEMENT>
            <PATH_ELEMENT>
              <option name="myItemId" value="modules" />
              <option name="myItemType" value="com.intellij.ide.projectView.impl.nodes.PsiDirectoryNode" />
            </PATH_ELEMENT>
          </PATH>
          <PATH>
            <PATH_ELEMENT>
              <option name="myItemId" value="tonto" />
              <option name="myItemType" value="com.intellij.ide.projectView.impl.nodes.ProjectViewProjectNode" />
            </PATH_ELEMENT>
            <PATH_ELEMENT>
              <option name="myItemId" value="tonto" />
              <option name="myItemType" value="com.intellij.ide.projectView.impl.nodes.PsiDirectoryNode" />
            </PATH_ELEMENT>
            <PATH_ELEMENT>
              <option name="myItemId" value="spec" />
              <option name="myItemType" value="com.intellij.ide.projectView.impl.nodes.PsiDirectoryNode" />
            </PATH_ELEMENT>
            <PATH_ELEMENT>
              <option name="myItemId" value="features" />
              <option name="myItemType" value="com.intellij.ide.projectView.impl.nodes.PsiDirectoryNode" />
            </PATH_ELEMENT>
            <PATH_ELEMENT>
              <option name="myItemId" value="pa" />
              <option name="myItemType" value="com.intellij.ide.projectView.impl.nodes.PsiDirectoryNode" />
            </PATH_ELEMENT>
            <PATH_ELEMENT>
              <option name="myItemId" value="web_test" />
              <option name="myItemType" value="com.intellij.ide.projectView.impl.nodes.PsiDirectoryNode" />
            </PATH_ELEMENT>
          </PATH>
          <PATH>
            <PATH_ELEMENT>
              <option name="myItemId" value="tonto" />
              <option name="myItemType" value="com.intellij.ide.projectView.impl.nodes.ProjectViewProjectNode" />
            </PATH_ELEMENT>
            <PATH_ELEMENT>
              <option name="myItemId" value="tonto" />
              <option name="myItemType" value="com.intellij.ide.projectView.impl.nodes.PsiDirectoryNode" />
            </PATH_ELEMENT>
            <PATH_ELEMENT>
              <option name="myItemId" value="config" />
              <option name="myItemType" value="com.intellij.ide.projectView.impl.nodes.PsiDirectoryNode" />
            </PATH_ELEMENT>
          </PATH>
        </subPane>
      </pane>
      <pane id="Scope" />
      <pane id="Scratches" />
    </panes>
  </component>
  <component name="PropertiesComponent">
    <property name="WebServerToolWindowFactoryState" value="false" />
    <property name="last_opened_file_path" value="$PROJECT_DIR$" />
    <property name="nodejs_interpreter_path" value="/usr/local/bin/node" />
    <property name="js.eslint.eslintPackage" value="" />
    <property name="js-jscs-nodeInterpreter" value="/usr/local/bin/node" />
  </component>
  <component name="RecentsManager">
    <key name="CopyFile.RECENT_KEYS">
      <recent name="$PROJECT_DIR$/spec/features/align" />
    </key>
  </component>
  <component name="RunManager" selected="RSpec. to_s: kodachi">
    <configuration default="false" name="State_TestingMOBILE_welbe - : kodachi" type="RSpecRunConfigurationType" factoryName="RSpec" temporary="true">
      <predefined_log_file id="RUBY_RSPEC" enabled="true" />
      <module name="kodachi" />
      <RSPEC_RUN_CONFIG_SETTINGS_ID NAME="RUBY_ARGS" VALUE="-e $stdout.sync=true;$stderr.sync=true;load($0=ARGV.shift)" />
      <RSPEC_RUN_CONFIG_SETTINGS_ID NAME="WORK DIR" VALUE="$MODULE_DIR$" />
      <RSPEC_RUN_CONFIG_SETTINGS_ID NAME="SHOULD_USE_SDK" VALUE="false" />
      <RSPEC_RUN_CONFIG_SETTINGS_ID NAME="ALTERN_SDK_NAME" VALUE="" />
      <RSPEC_RUN_CONFIG_SETTINGS_ID NAME="myPassParentEnvs" VALUE="true" />
      <envs>
        <env name="JRUBY_OPTS" value="-X+O" />
      </envs>
      <EXTENSION ID="BundlerRunConfigurationExtension" bundleExecEnabled="true" />
      <EXTENSION ID="JRubyRunConfigurationExtension" NailgunExecEnabled="false" />
      <EXTENSION ID="RubyCoverageRunConfigurationExtension" enabled="false" sample_coverage="true" track_test_folders="true" runner="rcov">
        <COVERAGE_PATTERN ENABLED="true">
          <PATTERN REGEXPS="/.rvm/" INCLUDED="false" />
        </COVERAGE_PATTERN>
      </EXTENSION>
      <RSPEC_RUN_CONFIG_SETTINGS_ID NAME="TESTS_FOLDER_PATH" VALUE="" />
      <RSPEC_RUN_CONFIG_SETTINGS_ID NAME="TEST_SCRIPT_PATH" VALUE="$MODULE_DIR$/spec/features/ios_test/mobile_state_testing_welbe_spec.rb" />
      <RSPEC_RUN_CONFIG_SETTINGS_ID NAME="SPEC_RUNNER_PATH" VALUE="" />
      <RSPEC_RUN_CONFIG_SETTINGS_ID NAME="TEST_FILE_MASK" VALUE="**/*_spec.rb" />
      <RSPEC_RUN_CONFIG_SETTINGS_ID NAME="SPEC_EXAMPLE_NAME" VALUE="State_TestingMOBILE_welbe - " />
      <RSPEC_RUN_CONFIG_SETTINGS_ID NAME="TEST_TEST_TYPE" VALUE="TEST_SCRIPT" />
      <RSPEC_RUN_CONFIG_SETTINGS_ID NAME="SPEC_ARGS" VALUE="" />
      <RSPEC_RUN_CONFIG_SETTINGS_ID NAME="RUNNER_VERSION" VALUE="" />
      <RSPEC_RUN_CONFIG_SETTINGS_ID NAME="USE_CUSTOM_SPEC_RUNNER" VALUE="false" />
      <RSPEC_RUN_CONFIG_SETTINGS_ID NAME="DRB" VALUE="false" />
      <RSPEC_RUN_CONFIG_SETTINGS_ID NAME="ZEUS" VALUE="false" />
      <RSPEC_RUN_CONFIG_SETTINGS_ID NAME="SPRING" VALUE="false" />
      <RSPEC_RUN_CONFIG_SETTINGS_ID NAME="FULL_BACKTRACE" VALUE="false" />
      <method />
    </configuration>
    <configuration default="false" name="Run spec 'log_in_spec': kodachi" type="RSpecRunConfigurationType" factoryName="RSpec" temporary="true">
      <predefined_log_file id="RUBY_RSPEC" enabled="true" />
      <module name="kodachi" />
      <RSPEC_RUN_CONFIG_SETTINGS_ID NAME="RUBY_ARGS" VALUE="-e $stdout.sync=true;$stderr.sync=true;load($0=ARGV.shift)" />
      <RSPEC_RUN_CONFIG_SETTINGS_ID NAME="WORK DIR" VALUE="$MODULE_DIR$" />
      <RSPEC_RUN_CONFIG_SETTINGS_ID NAME="SHOULD_USE_SDK" VALUE="false" />
      <RSPEC_RUN_CONFIG_SETTINGS_ID NAME="ALTERN_SDK_NAME" VALUE="" />
      <RSPEC_RUN_CONFIG_SETTINGS_ID NAME="myPassParentEnvs" VALUE="true" />
      <envs>
        <env name="JRUBY_OPTS" value="-X+O" />
      </envs>
      <EXTENSION ID="BundlerRunConfigurationExtension" bundleExecEnabled="true" />
      <EXTENSION ID="JRubyRunConfigurationExtension" NailgunExecEnabled="false" />
      <EXTENSION ID="RubyCoverageRunConfigurationExtension" enabled="false" sample_coverage="true" track_test_folders="true" runner="rcov">
        <COVERAGE_PATTERN ENABLED="true">
          <PATTERN REGEXPS="/.rvm/" INCLUDED="false" />
        </COVERAGE_PATTERN>
      </EXTENSION>
      <RSPEC_RUN_CONFIG_SETTINGS_ID NAME="TESTS_FOLDER_PATH" VALUE="" />
      <RSPEC_RUN_CONFIG_SETTINGS_ID NAME="TEST_SCRIPT_PATH" VALUE="$MODULE_DIR$/spec/features/align/web_test/log_in_spec.rb" />
      <RSPEC_RUN_CONFIG_SETTINGS_ID NAME="SPEC_RUNNER_PATH" VALUE="" />
      <RSPEC_RUN_CONFIG_SETTINGS_ID NAME="TEST_FILE_MASK" VALUE="**/*_spec.rb" />
      <RSPEC_RUN_CONFIG_SETTINGS_ID NAME="SPEC_EXAMPLE_NAME" VALUE="" />
      <RSPEC_RUN_CONFIG_SETTINGS_ID NAME="TEST_TEST_TYPE" VALUE="TEST_SCRIPT" />
      <RSPEC_RUN_CONFIG_SETTINGS_ID NAME="SPEC_ARGS" VALUE="" />
      <RSPEC_RUN_CONFIG_SETTINGS_ID NAME="RUNNER_VERSION" VALUE="" />
      <RSPEC_RUN_CONFIG_SETTINGS_ID NAME="USE_CUSTOM_SPEC_RUNNER" VALUE="false" />
      <RSPEC_RUN_CONFIG_SETTINGS_ID NAME="DRB" VALUE="false" />
      <RSPEC_RUN_CONFIG_SETTINGS_ID NAME="ZEUS" VALUE="false" />
      <RSPEC_RUN_CONFIG_SETTINGS_ID NAME="SPRING" VALUE="false" />
      <RSPEC_RUN_CONFIG_SETTINGS_ID NAME="FULL_BACKTRACE" VALUE="false" />
      <method />
    </configuration>
    <configuration default="false" name=" to_s: kodachi" type="RSpecRunConfigurationType" factoryName="RSpec" temporary="true">
      <predefined_log_file id="RUBY_RSPEC" enabled="true" />
      <module name="kodachi" />
      <RSPEC_RUN_CONFIG_SETTINGS_ID NAME="RUBY_ARGS" VALUE="-e $stdout.sync=true;$stderr.sync=true;load($0=ARGV.shift)" />
      <RSPEC_RUN_CONFIG_SETTINGS_ID NAME="WORK DIR" VALUE="$MODULE_DIR$" />
      <RSPEC_RUN_CONFIG_SETTINGS_ID NAME="SHOULD_USE_SDK" VALUE="false" />
      <RSPEC_RUN_CONFIG_SETTINGS_ID NAME="ALTERN_SDK_NAME" VALUE="" />
      <RSPEC_RUN_CONFIG_SETTINGS_ID NAME="myPassParentEnvs" VALUE="true" />
      <envs>
        <env name="JRUBY_OPTS" value="-X+O" />
      </envs>
      <EXTENSION ID="BundlerRunConfigurationExtension" bundleExecEnabled="true" />
      <EXTENSION ID="JRubyRunConfigurationExtension" NailgunExecEnabled="false" />
      <EXTENSION ID="RubyCoverageRunConfigurationExtension" enabled="false" sample_coverage="true" track_test_folders="true" runner="rcov">
        <COVERAGE_PATTERN ENABLED="true">
          <PATTERN REGEXPS="/.rvm/" INCLUDED="false" />
        </COVERAGE_PATTERN>
      </EXTENSION>
      <RSPEC_RUN_CONFIG_SETTINGS_ID NAME="TESTS_FOLDER_PATH" VALUE="" />
      <RSPEC_RUN_CONFIG_SETTINGS_ID NAME="TEST_SCRIPT_PATH" VALUE="$MODULE_DIR$/spec/features/pa/web_test/log_in_spec.rb" />
      <RSPEC_RUN_CONFIG_SETTINGS_ID NAME="SPEC_RUNNER_PATH" VALUE="" />
      <RSPEC_RUN_CONFIG_SETTINGS_ID NAME="TEST_FILE_MASK" VALUE="**/*_spec.rb" />
      <RSPEC_RUN_CONFIG_SETTINGS_ID NAME="SPEC_EXAMPLE_NAME" VALUE=" to_s" />
      <RSPEC_RUN_CONFIG_SETTINGS_ID NAME="TEST_TEST_TYPE" VALUE="TEST_SCRIPT" />
      <RSPEC_RUN_CONFIG_SETTINGS_ID NAME="SPEC_ARGS" VALUE="" />
      <RSPEC_RUN_CONFIG_SETTINGS_ID NAME="RUNNER_VERSION" VALUE="" />
      <RSPEC_RUN_CONFIG_SETTINGS_ID NAME="USE_CUSTOM_SPEC_RUNNER" VALUE="false" />
      <RSPEC_RUN_CONFIG_SETTINGS_ID NAME="DRB" VALUE="false" />
      <RSPEC_RUN_CONFIG_SETTINGS_ID NAME="ZEUS" VALUE="false" />
      <RSPEC_RUN_CONFIG_SETTINGS_ID NAME="SPRING" VALUE="false" />
      <RSPEC_RUN_CONFIG_SETTINGS_ID NAME="FULL_BACKTRACE" VALUE="false" />
      <method />
    </configuration>
    <configuration default="true" type="CucumberRunConfigurationType" factoryName="Cucumber">
      <predefined_log_file id="RUBY_CUCUMBER" enabled="true" />
      <module name="" />
      <CUCUMBER_RUN_CONFIG_SETTINGS_ID NAME="RUBY_ARGS" VALUE="-e $stdout.sync=true;$stderr.sync=true;load($0=ARGV.shift)" />
      <CUCUMBER_RUN_CONFIG_SETTINGS_ID NAME="WORK DIR" VALUE="" />
      <CUCUMBER_RUN_CONFIG_SETTINGS_ID NAME="SHOULD_USE_SDK" VALUE="false" />
      <CUCUMBER_RUN_CONFIG_SETTINGS_ID NAME="ALTERN_SDK_NAME" VALUE="" />
      <CUCUMBER_RUN_CONFIG_SETTINGS_ID NAME="myPassParentEnvs" VALUE="true" />
      <envs />
      <EXTENSION ID="BundlerRunConfigurationExtension" bundleExecEnabled="false" />
      <EXTENSION ID="JRubyRunConfigurationExtension" NailgunExecEnabled="false" />
      <EXTENSION ID="RubyCoverageRunConfigurationExtension" enabled="false" sample_coverage="true" track_test_folders="true" runner="rcov">
        <COVERAGE_PATTERN ENABLED="true">
          <PATTERN REGEXPS="/.rvm/" INCLUDED="false" />
        </COVERAGE_PATTERN>
      </EXTENSION>
      <CUCUMBER_RUN_CONFIG_SETTINGS_ID NAME="TEST_FILE_MASK" VALUE="**/*.feature" />
      <CUCUMBER_RUN_CONFIG_SETTINGS_ID NAME="TEST_TEST_TYPE" VALUE="TEST_SCRIPT" />
      <CUCUMBER_RUN_CONFIG_SETTINGS_ID NAME="TESTS_FOLDER_PATH" VALUE="" />
      <CUCUMBER_RUN_CONFIG_SETTINGS_ID NAME="TEST_SCRIPT_PATH" VALUE="" />
      <CUCUMBER_RUN_CONFIG_SETTINGS_ID NAME="TEST_TAGS_FILTER" VALUE="" />
      <CUCUMBER_RUN_CONFIG_SETTINGS_ID NAME="TEST_NAME_FILTER" VALUE="" />
      <CUCUMBER_RUN_CONFIG_SETTINGS_ID NAME="CUCUMBER_ARGS" VALUE="--color -r features" />
      <CUCUMBER_RUN_CONFIG_SETTINGS_ID NAME="RUNNER_VERSION" VALUE="" />
      <CUCUMBER_RUN_CONFIG_SETTINGS_ID NAME="FULL_BACKTRACE" VALUE="false" />
      <CUCUMBER_RUN_CONFIG_SETTINGS_ID NAME="VERBOSE_OPTION" VALUE="false" />
      <CUCUMBER_RUN_CONFIG_SETTINGS_ID NAME="DRB" VALUE="false" />
      <CUCUMBER_RUN_CONFIG_SETTINGS_ID NAME="ZEUS" VALUE="false" />
      <CUCUMBER_RUN_CONFIG_SETTINGS_ID NAME="SPRING" VALUE="false" />
      <CUCUMBER_RUN_CONFIG_SETTINGS_ID NAME="CUCUMBER_RUNNER_PATH" VALUE="" />
      <CUCUMBER_RUN_CONFIG_SETTINGS_ID NAME="USE_CUSTOM_RUNNER" VALUE="false" />
      <CUCUMBER_RUN_CONFIG_SETTINGS_ID NAME="SETTINGS_VERSION" VALUE="2" />
      <method />
    </configuration>
    <configuration default="true" type="GoApplicationRunConfiguration" factoryName="Go Application">
      <module name="" />
      <working_directory value="$PROJECT_DIR$" />
      <filePath value="$PROJECT_DIR$" />
      <kind value="FILE" />
      <method />
    </configuration>
    <configuration default="true" type="GoRunFileConfiguration" factoryName="Go Single File">
      <module name="" />
      <working_directory value="$PROJECT_DIR$" />
      <filePath value="$PROJECT_DIR$" />
      <method />
    </configuration>
    <configuration default="true" type="GoTestRunConfiguration" factoryName="Go Test">
      <module name="" />
      <working_directory value="$PROJECT_DIR$" />
      <framework value="gotest" />
      <kind value="DIRECTORY" />
      <method />
    </configuration>
    <configuration default="true" type="JavaScriptTestRunnerProtractor" factoryName="Protractor">
      <config-file value="" />
      <node-interpreter value="project" />
      <envs />
      <method />
    </configuration>
    <configuration default="true" type="JavascriptDebugType" factoryName="JavaScript Debug">
      <method />
    </configuration>
    <configuration default="true" type="MixExUnitRunConfigurationType" factoryName="Elixir Mix ExUnit" show_console_on_std_err="false" show_console_on_std_out="false">
      <option name="passParentEnvs" value="false" />
      <option name="programParameters" />
      <option name="workingDirectory" value="" />
      <module />
      <envs />
      <method />
    </configuration>
    <configuration default="true" type="NodeJSConfigurationType" factoryName="Node.js" path-to-node="project" working-dir="">
      <method />
    </configuration>
    <configuration default="true" type="RSpecRunConfigurationType" factoryName="RSpec">
      <predefined_log_file id="RUBY_RSPEC" enabled="true" />
      <module name="" />
      <RSPEC_RUN_CONFIG_SETTINGS_ID NAME="RUBY_ARGS" VALUE="-e $stdout.sync=true;$stderr.sync=true;load($0=ARGV.shift)" />
      <RSPEC_RUN_CONFIG_SETTINGS_ID NAME="WORK DIR" VALUE="" />
      <RSPEC_RUN_CONFIG_SETTINGS_ID NAME="SHOULD_USE_SDK" VALUE="false" />
      <RSPEC_RUN_CONFIG_SETTINGS_ID NAME="ALTERN_SDK_NAME" VALUE="" />
      <RSPEC_RUN_CONFIG_SETTINGS_ID NAME="myPassParentEnvs" VALUE="true" />
      <envs />
      <EXTENSION ID="BundlerRunConfigurationExtension" bundleExecEnabled="false" />
      <EXTENSION ID="JRubyRunConfigurationExtension" NailgunExecEnabled="false" />
      <EXTENSION ID="RubyCoverageRunConfigurationExtension" enabled="false" sample_coverage="true" track_test_folders="true" runner="rcov">
        <COVERAGE_PATTERN ENABLED="true">
          <PATTERN REGEXPS="/.rvm/" INCLUDED="false" />
        </COVERAGE_PATTERN>
      </EXTENSION>
      <RSPEC_RUN_CONFIG_SETTINGS_ID NAME="TESTS_FOLDER_PATH" VALUE="" />
      <RSPEC_RUN_CONFIG_SETTINGS_ID NAME="TEST_SCRIPT_PATH" VALUE="" />
      <RSPEC_RUN_CONFIG_SETTINGS_ID NAME="SPEC_RUNNER_PATH" VALUE="" />
      <RSPEC_RUN_CONFIG_SETTINGS_ID NAME="TEST_FILE_MASK" VALUE="**/*_spec.rb" />
      <RSPEC_RUN_CONFIG_SETTINGS_ID NAME="SPEC_EXAMPLE_NAME" VALUE="" />
      <RSPEC_RUN_CONFIG_SETTINGS_ID NAME="TEST_TEST_TYPE" VALUE="TEST_SCRIPT" />
      <RSPEC_RUN_CONFIG_SETTINGS_ID NAME="SPEC_ARGS" VALUE="" />
      <RSPEC_RUN_CONFIG_SETTINGS_ID NAME="RUNNER_VERSION" VALUE="" />
      <RSPEC_RUN_CONFIG_SETTINGS_ID NAME="USE_CUSTOM_SPEC_RUNNER" VALUE="false" />
      <RSPEC_RUN_CONFIG_SETTINGS_ID NAME="DRB" VALUE="false" />
      <RSPEC_RUN_CONFIG_SETTINGS_ID NAME="ZEUS" VALUE="false" />
      <RSPEC_RUN_CONFIG_SETTINGS_ID NAME="SPRING" VALUE="false" />
      <RSPEC_RUN_CONFIG_SETTINGS_ID NAME="FULL_BACKTRACE" VALUE="false" />
      <method />
    </configuration>
    <configuration default="true" type="RubyRunConfigurationType" factoryName="Ruby">
      <module name="" />
      <RUBY_RUN_CONFIG NAME="RUBY_ARGS" VALUE="-e $stdout.sync=true;$stderr.sync=true;load($0=ARGV.shift)" />
      <RUBY_RUN_CONFIG NAME="WORK DIR" VALUE="" />
      <RUBY_RUN_CONFIG NAME="SHOULD_USE_SDK" VALUE="false" />
      <RUBY_RUN_CONFIG NAME="ALTERN_SDK_NAME" VALUE="" />
      <RUBY_RUN_CONFIG NAME="myPassParentEnvs" VALUE="true" />
      <envs />
      <EXTENSION ID="BundlerRunConfigurationExtension" bundleExecEnabled="false" />
      <EXTENSION ID="JRubyRunConfigurationExtension" NailgunExecEnabled="false" />
      <EXTENSION ID="RubyCoverageRunConfigurationExtension" enabled="false" sample_coverage="true" track_test_folders="true" runner="rcov">
        <COVERAGE_PATTERN ENABLED="true">
          <PATTERN REGEXPS="/.rvm/" INCLUDED="false" />
        </COVERAGE_PATTERN>
      </EXTENSION>
      <RUBY_RUN_CONFIG NAME="SCRIPT_PATH" VALUE="" />
      <RUBY_RUN_CONFIG NAME="SCRIPT_ARGS" VALUE="" />
      <method />
    </configuration>
    <configuration default="true" type="TestUnitRunConfigurationType" factoryName="Test::Unit/Shoulda/Minitest">
      <predefined_log_file id="RUBY_TESTUNIT" enabled="true" />
      <module name="" />
      <RTEST_RUN_CONFIG_SETTINGS_ID NAME="RUBY_ARGS" VALUE="-e $stdout.sync=true;$stderr.sync=true;load($0=ARGV.shift)" />
      <RTEST_RUN_CONFIG_SETTINGS_ID NAME="WORK DIR" VALUE="" />
      <RTEST_RUN_CONFIG_SETTINGS_ID NAME="SHOULD_USE_SDK" VALUE="false" />
      <RTEST_RUN_CONFIG_SETTINGS_ID NAME="ALTERN_SDK_NAME" VALUE="" />
      <RTEST_RUN_CONFIG_SETTINGS_ID NAME="myPassParentEnvs" VALUE="true" />
      <envs />
      <EXTENSION ID="BundlerRunConfigurationExtension" bundleExecEnabled="false" />
      <EXTENSION ID="JRubyRunConfigurationExtension" NailgunExecEnabled="false" />
      <EXTENSION ID="RubyCoverageRunConfigurationExtension" enabled="false" sample_coverage="true" track_test_folders="true" runner="rcov">
        <COVERAGE_PATTERN ENABLED="true">
          <PATTERN REGEXPS="/.rvm/" INCLUDED="false" />
        </COVERAGE_PATTERN>
      </EXTENSION>
      <RTEST_RUN_CONFIG_SETTINGS_ID NAME="TESTS_FOLDER_PATH" VALUE="" />
      <RTEST_RUN_CONFIG_SETTINGS_ID NAME="TEST_SCRIPT_PATH" VALUE="" />
      <RTEST_RUN_CONFIG_SETTINGS_ID NAME="TEST_FILE_MASK" VALUE="" />
      <RTEST_RUN_CONFIG_SETTINGS_ID NAME="TEST_METHOD_NAME" VALUE="" />
      <RTEST_RUN_CONFIG_SETTINGS_ID NAME="TEST_TEST_TYPE" VALUE="TEST_SCRIPT" />
      <RTEST_RUN_CONFIG_SETTINGS_ID NAME="DRB" VALUE="false" />
      <RTEST_RUN_CONFIG_SETTINGS_ID NAME="ZEUS" VALUE="false" />
      <RTEST_RUN_CONFIG_SETTINGS_ID NAME="SPRING" VALUE="false" />
      <RTEST_RUN_CONFIG_SETTINGS_ID NAME="RUNNER_OPTIONS" VALUE="" />
      <method />
    </configuration>
    <configuration default="true" type="js.build_tools.gulp" factoryName="Gulp.js">
      <node-interpreter>project</node-interpreter>
      <node-options />
      <gulpfile />
      <tasks />
      <arguments />
      <envs />
      <method />
    </configuration>
    <configuration default="true" type="js.build_tools.npm" factoryName="npm">
      <command value="run" />
      <scripts />
      <node-interpreter value="project" />
      <envs />
      <method />
    </configuration>
    <configuration default="true" type="mocha-javascript-test-runner" factoryName="Mocha">
      <node-interpreter>project</node-interpreter>
      <node-options />
      <working-directory />
      <pass-parent-env>true</pass-parent-env>
      <envs />
      <ui />
      <extra-mocha-options />
      <test-kind>DIRECTORY</test-kind>
      <test-directory />
      <recursive>false</recursive>
      <method />
    </configuration>
    <list size="3">
      <item index="0" class="java.lang.String" itemvalue="RSpec.State_TestingMOBILE_welbe - : kodachi" />
      <item index="1" class="java.lang.String" itemvalue="RSpec.Run spec 'log_in_spec': kodachi" />
      <item index="2" class="java.lang.String" itemvalue="RSpec. to_s: kodachi" />
    </list>
    <recent_temporary>
      <list size="3">
        <item index="0" class="java.lang.String" itemvalue="RSpec. to_s: kodachi" />
        <item index="1" class="java.lang.String" itemvalue="RSpec.Run spec 'log_in_spec': kodachi" />
        <item index="2" class="java.lang.String" itemvalue="RSpec.State_TestingMOBILE_welbe - : kodachi" />
      </list>
    </recent_temporary>
  </component>
  <component name="ShelveChangesManager" show_recycled="false">
    <option name="remove_strategy" value="false" />
  </component>
  <component name="TaskManager">
    <task active="true" id="Default" summary="Default task">
      <changelist id="f8b7ee0d-2e1c-4aef-a66d-0ce28400c15a" name="Default" comment="" />
      <created>1485473679322</created>
      <option name="number" value="Default" />
      <option name="presentableId" value="Default" />
      <updated>1485473679322</updated>
      <workItem from="1485473680769" duration="1094000" />
      <workItem from="1485811580371" duration="90000" />
      <workItem from="1485811676891" duration="49000" />
      <workItem from="1485974395957" duration="59000" />
      <workItem from="1486421995584" duration="751000" />
      <workItem from="1486512668820" duration="821000" />
      <workItem from="1486676132228" duration="2273000" />
      <workItem from="1486760059316" duration="1402000" />
      <workItem from="1487006402098" duration="4677000" />
      <workItem from="1487118231561" duration="2262000" />
    </task>
    <servers />
  </component>
  <component name="TestHistory">
    <history-entry file="Run_spec_'log_in_spec'__kodachi - 2017.02.13 at 10h 21m 41s.xml">
      <configuration name="Run spec 'log_in_spec': kodachi" configurationId="RSpecRunConfigurationType" />
    </history-entry>
    <history-entry file="State_TestingMOBILE_welbe_-___kodachi - 2017.01.26 at 16h 35m 56s.xml">
      <configuration name="State_TestingMOBILE_welbe - : kodachi" configurationId="RSpecRunConfigurationType" />
    </history-entry>
    <history-entry file="_to_s__kodachi - 2017.02.14 at 18h 00m 29s.xml">
      <configuration name=" to_s: kodachi" configurationId="RSpecRunConfigurationType" />
    </history-entry>
  </component>
  <component name="TimeTrackingManager">
    <option name="totallyTimeSpent" value="13478000" />
  </component>
  <component name="ToolWindowManager">
    <frame x="0" y="22" width="2560" height="1414" extended-state="6" />
    <editor active="false" />
    <layout>
      <window_info id="Project" active="true" anchor="left" auto_hide="false" internal_type="DOCKED" type="DOCKED" visible="true" show_stripe_button="true" weight="0.14023438" sideWeight="0.5" order="0" side_tool="false" content_ui="combo" />
      <window_info id="TODO" active="false" anchor="bottom" auto_hide="false" internal_type="DOCKED" type="DOCKED" visible="false" show_stripe_button="true" weight="0.33" sideWeight="0.5" order="6" side_tool="false" content_ui="tabs" />
      <window_info id="Event Log" active="false" anchor="bottom" auto_hide="false" internal_type="DOCKED" type="DOCKED" visible="false" show_stripe_button="true" weight="0.25620437" sideWeight="0.5015625" order="7" side_tool="true" content_ui="tabs" />
      <window_info id="Database" active="false" anchor="right" auto_hide="false" internal_type="DOCKED" type="DOCKED" visible="false" show_stripe_button="true" weight="0.33" sideWeight="0.5" order="3" side_tool="false" content_ui="tabs" />
      <window_info id="Find" active="false" anchor="bottom" auto_hide="false" internal_type="DOCKED" type="DOCKED" visible="false" show_stripe_button="true" weight="0.32968637" sideWeight="0.5" order="1" side_tool="false" content_ui="tabs" />
      <window_info id="Version Control" active="false" anchor="bottom" auto_hide="false" internal_type="DOCKED" type="DOCKED" visible="false" show_stripe_button="false" weight="0.33" sideWeight="0.5" order="7" side_tool="false" content_ui="tabs" />
      <window_info id="Run" active="false" anchor="bottom" auto_hide="false" internal_type="DOCKED" type="DOCKED" visible="false" show_stripe_button="true" weight="0.32968637" sideWeight="0.4984375" order="2" side_tool="false" content_ui="tabs" />
      <window_info id="Structure" active="false" anchor="left" auto_hide="false" internal_type="DOCKED" type="DOCKED" visible="false" show_stripe_button="true" weight="0.25" sideWeight="0.5" order="1" side_tool="false" content_ui="tabs" />
      <window_info id="Terminal" active="false" anchor="bottom" auto_hide="false" internal_type="DOCKED" type="DOCKED" visible="false" show_stripe_button="true" weight="0.33" sideWeight="0.5" order="7" side_tool="false" content_ui="tabs" />
      <window_info id="Favorites" active="false" anchor="left" auto_hide="false" internal_type="DOCKED" type="DOCKED" visible="false" show_stripe_button="true" weight="0.33" sideWeight="0.5" order="2" side_tool="true" content_ui="tabs" />
      <window_info id="Debug" active="false" anchor="bottom" auto_hide="false" internal_type="DOCKED" type="DOCKED" visible="false" show_stripe_button="true" weight="0.4" sideWeight="0.5" order="3" side_tool="false" content_ui="tabs" />
      <window_info id="Cvs" active="false" anchor="bottom" auto_hide="false" internal_type="DOCKED" type="DOCKED" visible="false" show_stripe_button="true" weight="0.25" sideWeight="0.5" order="4" side_tool="false" content_ui="tabs" />
      <window_info id="Messages" active="false" anchor="bottom" auto_hide="false" internal_type="DOCKED" type="DOCKED" visible="false" show_stripe_button="true" weight="0.2" sideWeight="0.4984375" order="7" side_tool="false" content_ui="tabs" />
      <window_info id="Message" active="false" anchor="bottom" auto_hide="false" internal_type="DOCKED" type="DOCKED" visible="false" show_stripe_button="true" weight="0.33" sideWeight="0.5" order="0" side_tool="false" content_ui="tabs" />
      <window_info id="Commander" active="false" anchor="right" auto_hide="false" internal_type="DOCKED" type="DOCKED" visible="false" show_stripe_button="true" weight="0.4" sideWeight="0.5" order="0" side_tool="false" content_ui="tabs" />
      <window_info id="Inspection" active="false" anchor="bottom" auto_hide="false" internal_type="DOCKED" type="DOCKED" visible="false" show_stripe_button="true" weight="0.4" sideWeight="0.5" order="5" side_tool="false" content_ui="tabs" />
      <window_info id="Hierarchy" active="false" anchor="right" auto_hide="false" internal_type="DOCKED" type="DOCKED" visible="false" show_stripe_button="true" weight="0.25" sideWeight="0.5" order="2" side_tool="false" content_ui="combo" />
      <window_info id="Ant Build" active="false" anchor="right" auto_hide="false" internal_type="DOCKED" type="DOCKED" visible="false" show_stripe_button="true" weight="0.25" sideWeight="0.5" order="1" side_tool="false" content_ui="tabs" />
    </layout>
  </component>
  <component name="TypeScriptGeneratedFilesManager">
    <option name="processedProjectFiles" value="true" />
  </component>
  <component name="VcsContentAnnotationSettings">
    <option name="myLimit" value="2678400000" />
  </component>
  <component name="XDebuggerManager">
    <breakpoint-manager />
    <watches-manager />
  </component>
  <component name="editorHistoryManager">
    <entry file="file://$PROJECT_DIR$/README.md">
      <provider selected="true" editor-type-id="split-provider[text-editor;markdown-preview-editor]">
        <state split_layout="SPLIT">
          <first_editor relative-caret-position="0">
            <caret line="0" column="0" lean-forward="false" selection-start-line="0" selection-start-column="0" selection-end-line="0" selection-end-column="0" />
            <folding />
          </first_editor>
          <second_editor />
        </state>
      </provider>
    </entry>
    <entry file="file://$PROJECT_DIR$/spec/support/apps/events.rb" />
    <entry file="file://$PROJECT_DIR$/spec/features/web_test/events_spec.rb" />
    <entry file="file://$PROJECT_DIR$/spec/features/ios_test/mobile_state_testing_spec.rb" />
    <entry file="file://$PROJECT_DIR$/spec/support/apps/ios_testing.rb">
      <provider selected="true" editor-type-id="text-editor">
        <state relative-caret-position="0">
          <caret line="0" column="0" lean-forward="false" selection-start-line="0" selection-start-column="0" selection-end-line="0" selection-end-column="0" />
          <folding />
        </state>
      </provider>
    </entry>
    <entry file="file://$PROJECT_DIR$/spec/features/ios_test/mobile_state_testing_welbe_spec.rb" />
    <entry file="file://$PROJECT_DIR$/spec/support/apps/m.2.5_mobile_state_testing_v2.rb">
      <provider selected="true" editor-type-id="text-editor">
        <state relative-caret-position="0">
          <caret line="0" column="0" lean-forward="false" selection-start-line="0" selection-start-column="0" selection-end-line="0" selection-end-column="0" />
          <folding />
        </state>
      </provider>
    </entry>
    <entry file="file://$PROJECT_DIR$/README.md">
      <provider selected="true" editor-type-id="split-provider[text-editor;markdown-preview-editor]">
        <state split_layout="SPLIT">
          <first_editor relative-caret-position="0">
            <caret line="0" column="0" lean-forward="false" selection-start-line="0" selection-start-column="0" selection-end-line="0" selection-end-column="0" />
            <folding />
          </first_editor>
          <second_editor />
        </state>
      </provider>
    </entry>
    <entry file="file://$PROJECT_DIR$/spec/support/apps/events.rb" />
    <entry file="file://$PROJECT_DIR$/spec/features/web_test/events_spec.rb" />
    <entry file="file://$PROJECT_DIR$/spec/features/ios_test/mobile_state_testing_spec.rb" />
    <entry file="file://$PROJECT_DIR$/spec/support/apps/ios_testing.rb">
      <provider selected="true" editor-type-id="text-editor">
        <state relative-caret-position="0">
          <caret line="0" column="0" lean-forward="false" selection-start-line="0" selection-start-column="0" selection-end-line="0" selection-end-column="0" />
          <folding />
        </state>
      </provider>
    </entry>
    <entry file="file://$PROJECT_DIR$/spec/features/ios_test/mobile_state_testing_welbe_spec.rb" />
    <entry file="file://$PROJECT_DIR$/spec/support/apps/m.2.5_mobile_state_testing_v2.rb">
      <provider selected="true" editor-type-id="text-editor">
        <state relative-caret-position="0">
          <caret line="0" column="0" lean-forward="false" selection-start-line="0" selection-start-column="0" selection-end-line="0" selection-end-column="0" />
          <folding />
        </state>
      </provider>
    </entry>
    <entry file="file://$PROJECT_DIR$/README.md">
      <provider selected="true" editor-type-id="split-provider[text-editor;markdown-preview-editor]">
        <state split_layout="SPLIT">
          <first_editor relative-caret-position="0">
            <caret line="0" column="0" lean-forward="false" selection-start-line="0" selection-start-column="0" selection-end-line="0" selection-end-column="0" />
            <folding />
          </first_editor>
          <second_editor />
        </state>
      </provider>
    </entry>
    <entry file="file://$PROJECT_DIR$/spec/features/ios_test/mobile_state_testing_spec.rb" />
    <entry file="file://$PROJECT_DIR$/spec/support/apps/ios_testing.rb">
      <provider selected="true" editor-type-id="text-editor">
        <state relative-caret-position="0">
          <caret line="0" column="0" lean-forward="false" selection-start-line="0" selection-start-column="0" selection-end-line="0" selection-end-column="0" />
          <folding />
        </state>
      </provider>
    </entry>
    <entry file="file://$PROJECT_DIR$/spec/features/ios_test/mobile_state_testing_welbe_spec.rb" />
    <entry file="file://$PROJECT_DIR$/spec/support/apps/m.2.5_mobile_state_testing_v2.rb">
      <provider selected="true" editor-type-id="text-editor">
        <state relative-caret-position="0">
          <caret line="0" column="0" lean-forward="false" selection-start-line="0" selection-start-column="0" selection-end-line="0" selection-end-column="0" />
          <folding />
        </state>
      </provider>
    </entry>
    <entry file="file://$PROJECT_DIR$/spec/features/ios_test/mobile_state_testing_spec.rb" />
    <entry file="file://$PROJECT_DIR$/spec/support/apps/ios_testing.rb">
      <provider selected="true" editor-type-id="text-editor">
        <state relative-caret-position="0">
          <caret line="0" column="0" lean-forward="false" selection-start-line="0" selection-start-column="0" selection-end-line="0" selection-end-column="0" />
          <folding />
        </state>
      </provider>
    </entry>
    <entry file="file://$PROJECT_DIR$/spec/features/ios_test/mobile_state_testing_welbe_spec.rb" />
    <entry file="file://$PROJECT_DIR$/spec/support/apps/ios_testing.rb">
      <provider selected="true" editor-type-id="text-editor">
        <state relative-caret-position="0">
          <caret line="0" column="0" lean-forward="false" selection-start-line="0" selection-start-column="0" selection-end-line="0" selection-end-column="0" />
          <folding />
        </state>
      </provider>
    </entry>
    <entry file="file://$PROJECT_DIR$/spec/features/ios_test/mobile_state_testing_welbe_spec.rb" />
    <entry file="file://$PROJECT_DIR$/spec/support/apps/events.rb" />
    <entry file="file://$PROJECT_DIR$/spec/features/web_test/events_spec.rb" />
    <entry file="file://$PROJECT_DIR$/spec/features/ios_test/mobile_state_testing_welbe_spec.rb" />
    <entry file="file://$PROJECT_DIR$/spec/features/ios_test/mobile_state_testing_spec.rb" />
    <entry file="file://$PROJECT_DIR$/spec/support/apps/m.2.5_mobile_state_testing_v2.rb">
      <provider selected="true" editor-type-id="text-editor">
        <state relative-caret-position="210">
          <caret line="14" column="24" lean-forward="false" selection-start-line="14" selection-start-column="24" selection-end-line="14" selection-end-column="24" />
          <folding />
        </state>
      </provider>
    </entry>
    <entry file="file://$PROJECT_DIR$/spec/support/apps/ios_testing.rb">
      <provider selected="true" editor-type-id="text-editor">
        <state relative-caret-position="435">
          <caret line="29" column="37" lean-forward="false" selection-start-line="29" selection-start-column="37" selection-end-line="29" selection-end-column="37" />
          <folding />
        </state>
      </provider>
    </entry>
    <entry file="file://$PROJECT_DIR$/spec/features/align/android_test/test1_spec.rb">
      <provider selected="true" editor-type-id="text-editor">
        <state relative-caret-position="0">
          <caret line="0" column="0" lean-forward="false" selection-start-line="0" selection-start-column="0" selection-end-line="0" selection-end-column="0" />
        </state>
      </provider>
    </entry>
    <entry file="file://$PROJECT_DIR$/spec/features/align/web_test/log_in_spec.rb">
      <provider selected="true" editor-type-id="text-editor">
        <state relative-caret-position="210">
          <caret line="14" column="0" lean-forward="true" selection-start-line="14" selection-start-column="0" selection-end-line="14" selection-end-column="0" />
        </state>
      </provider>
    </entry>
    <entry file="file://$PROJECT_DIR$/README_ANDROID.md" />
    <entry file="file://$PROJECT_DIR$/README_IOS.md" />
    <entry file="file://$PROJECT_DIR$/README_WEB.md" />
    <entry file="file://$PROJECT_DIR$/Gemfile">
      <provider selected="true" editor-type-id="text-editor">
        <state relative-caret-position="30">
          <caret line="2" column="11" lean-forward="false" selection-start-line="2" selection-start-column="11" selection-end-line="2" selection-end-column="11" />
          <folding />
        </state>
      </provider>
    </entry>
    <entry file="file://$PROJECT_DIR$/Dockerfile">
      <provider selected="true" editor-type-id="text-editor">
        <state relative-caret-position="0">
          <caret line="0" column="0" lean-forward="false" selection-start-line="0" selection-start-column="0" selection-end-line="0" selection-end-column="0" />
          <folding />
        </state>
      </provider>
    </entry>
    <entry file="file://$PROJECT_DIR$/.ruby-version">
      <provider selected="true" editor-type-id="text-editor">
        <state relative-caret-position="0">
          <caret line="0" column="0" lean-forward="false" selection-start-line="0" selection-start-column="0" selection-end-line="0" selection-end-column="0" />
          <folding />
        </state>
      </provider>
    </entry>
    <entry file="file://$PROJECT_DIR$/.rubocop.yml">
      <provider selected="true" editor-type-id="text-editor">
        <state relative-caret-position="0">
          <caret line="0" column="0" lean-forward="false" selection-start-line="0" selection-start-column="0" selection-end-line="0" selection-end-column="0" />
          <folding />
        </state>
      </provider>
    </entry>
    <entry file="file://$PROJECT_DIR$/.rspec">
      <provider selected="true" editor-type-id="text-editor">
        <state relative-caret-position="0">
          <caret line="0" column="0" lean-forward="false" selection-start-line="0" selection-start-column="0" selection-end-line="0" selection-end-column="0" />
          <folding />
        </state>
      </provider>
    </entry>
    <entry file="file://$PROJECT_DIR$/.pullapprove.yml">
      <provider selected="true" editor-type-id="text-editor">
        <state relative-caret-position="0">
          <caret line="0" column="0" lean-forward="false" selection-start-line="0" selection-start-column="0" selection-end-line="0" selection-end-column="0" />
          <folding />
        </state>
      </provider>
    </entry>
    <entry file="file://$PROJECT_DIR$/.gitignore">
      <provider selected="true" editor-type-id="text-editor">
        <state relative-caret-position="0">
          <caret line="0" column="0" lean-forward="false" selection-start-line="0" selection-start-column="0" selection-end-line="0" selection-end-column="0" />
          <folding />
        </state>
      </provider>
    </entry>
    <entry file="file://$PROJECT_DIR$/spec/spec_helper.rb">
      <provider selected="true" editor-type-id="text-editor">
        <state relative-caret-position="615">
          <caret line="41" column="29" lean-forward="false" selection-start-line="41" selection-start-column="29" selection-end-line="41" selection-end-column="29" />
          <folding />
        </state>
      </provider>
    </entry>
    <entry file="file://$PROJECT_DIR$/Rakefile">
      <provider selected="true" editor-type-id="text-editor">
        <state relative-caret-position="210">
          <caret line="14" column="15" lean-forward="true" selection-start-line="14" selection-start-column="15" selection-end-line="14" selection-end-column="15" />
          <folding />
        </state>
      </provider>
    </entry>
    <entry file="file://$PROJECT_DIR$/README.md">
      <provider selected="true" editor-type-id="split-provider[text-editor;markdown-preview-editor]">
        <state split_layout="SPLIT">
          <first_editor relative-caret-position="750">
            <caret line="50" column="33" lean-forward="true" selection-start-line="50" selection-start-column="33" selection-end-line="50" selection-end-column="33" />
            <folding />
          </first_editor>
          <second_editor />
        </state>
      </provider>
    </entry>
    <entry file="file://$PROJECT_DIR$/spec/support/utilities.rb">
      <provider selected="true" editor-type-id="text-editor">
        <state relative-caret-position="1365">
          <caret line="91" column="7" lean-forward="false" selection-start-line="91" selection-start-column="7" selection-end-line="91" selection-end-column="7" />
          <folding />
        </state>
      </provider>
    </entry>
    <entry file="file://$PROJECT_DIR$/spec/support/config.yml">
      <provider selected="true" editor-type-id="text-editor">
        <state relative-caret-position="300">
          <caret line="20" column="14" lean-forward="false" selection-start-line="20" selection-start-column="14" selection-end-line="20" selection-end-column="14" />
          <folding />
        </state>
      </provider>
    </entry>
    <entry file="file://$PROJECT_DIR$/spec/support/application.rb">
      <provider selected="true" editor-type-id="text-editor">
        <state relative-caret-position="120">
          <caret line="8" column="0" lean-forward="true" selection-start-line="8" selection-start-column="0" selection-end-line="8" selection-end-column="0" />
          <folding />
        </state>
      </provider>
    </entry>
    <entry file="file://$PROJECT_DIR$/spec/support/apps/pa/log_in.rb">
      <provider selected="true" editor-type-id="text-editor">
        <state relative-caret-position="0">
          <caret line="0" column="8" lean-forward="false" selection-start-line="0" selection-start-column="8" selection-end-line="0" selection-end-column="8" />
          <folding />
        </state>
      </provider>
    </entry>
    <entry file="file://$PROJECT_DIR$/spec/support/apps/modules/log_in.rb">
      <provider selected="true" editor-type-id="text-editor">
        <state relative-caret-position="0">
          <caret line="0" column="0" lean-forward="false" selection-start-line="0" selection-start-column="0" selection-end-line="0" selection-end-column="0" />
          <folding />
        </state>
      </provider>
    </entry>
    <entry file="file://$PROJECT_DIR$/spec/features/pa/web_test/log_in_spec.rb">
      <provider selected="true" editor-type-id="text-editor">
        <state relative-caret-position="210">
          <caret line="14" column="0" lean-forward="true" selection-start-line="14" selection-start-column="0" selection-end-line="14" selection-end-column="0" />
          <folding />
        </state>
      </provider>
    </entry>
  </component>
</project>